run_id,seeded_from_run_id,record_id,source_dataset,source_id,source_name,source_domain,url,canonical_url,title,description,author,published_at,language,country,category,newsdata_article_id,api_query,retrieved_at
run_004_20260927T143557Z,,51bd9d058da96faf,newsdata_el_comercio,el_comercio,El Comercio,elcomercio.pe,https://elcomercio.pe/mag/respuestas/los-expertos-en-psicologia-coinciden-quienes-lloran-sin-una-causa-aparente-pueden-estar-experimentando-desregulacion-emocional-nnda-nnrt-noticia/,https://elcomercio.pe/mag/respuestas/los-expertos-en-psicologia-coinciden-quienes-lloran-sin-una-causa-aparente-pueden-estar-experimentando-desregulacion-emocional-nnda-nnrt-noticia/,Los expertos en psicología coinciden: quienes lloran sin una causa aparente pueden estar experimentando desregulación emocional,Toma en cuenta lo que dice la psicología sobre este comportamiento.,marcelo lópez chavez,2026-09-27 01:02:53,spanish,peru,"health,top",30db4ce126bec0779dfeccd06278f6e0,salud,2026-09-27T14:35:58.291388+00:00
run_004_20260927T143557Z,,e7829447f3277c61,newsdata_el_comercio,el_comercio,El Comercio,elcomercio.pe,https://elcomercio.pe/mag/respuestas/los-expertos-en-psicologia-coinciden-quienes-se-sienten-agotados-tras-recibir-visitas-en-casa-acostumbran-a-anticipar-demasiados-problemas-nnda-nnrt-noticia/,https://elcomercio.pe/mag/respuestas/los-expertos-en-psicologia-coinciden-quienes-se-sienten-agotados-tras-recibir-visitas-en-casa-acostumbran-a-anticipar-demasiados-problemas-nnda-nnrt-noticia/,Los expertos en psicología coinciden: quienes se sienten agotados tras recibir visitas en casa acostumbran a anticipar demasiados problemas,La psicología tiene una respuesta sobre esta sensación.,marcelo lópez chavez,2026-09-27 02:11:58,spanish,peru,"health,top",4be9f8ca0b7f09f0d8651e621954a9f4,salud,2026-09-27T14:35:58.291388+00:00
run_004_20260927T143557Z,,0cf1d8f54a5e1908,newsdata_el_peruano,el_peruano,El Peruano,elperuano.pe,https://elperuano.pe/noticia/305524-articulan-acciones-para-mejorar-servicios-que-brinda-el-hospital-regional-de-huacho,https://elperuano.pe/noticia/305524-articulan-acciones-para-mejorar-servicios-que-brinda-el-hospital-regional-de-huacho,Articulan acciones para mejorar servicios que brinda el Hospital Regional de Huacho,"Con el proposito de potenciar la capacidad de atencion en la provincia de Huaura, el ministro de Salud, Luis Dyer, lidero una visita de supervision al Hospital Regional de Huacho, ubicado en la provincia de Huaura, region Lima, donde verifico el estado de sus instalaciones .",jvaldivi,2026-09-26 00:47:00,spanish,peru,"health,top",7b6abcedd491fa8b55cd9b57aa508cbc,salud,2026-09-27T14:35:59.062893+00:00
run_004_20260927T143557Z,,1e61d265237468db,newsdata_el_peruano,el_peruano,El Peruano,elperuano.pe,https://elperuano.pe/noticia/305552-derecho-a-la-salud-susalud-fortalece-prevencion-de-riesgos-para-garantizar-atencion-segura-en-tumbes,https://elperuano.pe/noticia/305552-derecho-a-la-salud-susalud-fortalece-prevencion-de-riesgos-para-garantizar-atencion-segura-en-tumbes,Derecho a la salud: Susalud fortalece prevención de riesgos para garantizar atención segura en Tumbes,"La Superintendencia Nacional de Salud (Susalud) fortalecio las capacidades de los equipos tecnicos de los establecimientos de salud de Tumbes para identificar, gestionar y reducir oportunamente los riesgos que podrian afectar la continuidad y calidad de los servicios a la poblacion.",pbuendia,2026-09-26 16:37:00,spanish,peru,"health,top",c0d9c35c3b739d180e67691b6a7b8e53,salud,2026-09-27T14:35:59.062893+00:00
run_004_20260927T143557Z,,d4cf4c73d269abfb,newsdata_la_republica,la_republica,La República,larepublica.pe,https://larepublica.pe/sociedad/2026/09/25/anemia-afecta-al-35-de-ninos-en-lima-metropolitana-piden-a-candidatos-municipales-priorizar-nutricion-infantil-821875,https://larepublica.pe/sociedad/2026/09/25/anemia-afecta-al-35-de-ninos-en-lima-metropolitana-piden-a-candidatos-municipales-priorizar-nutricion-infantil-821875,Anemia afecta al 35% de niños en Lima Metropolitana: piden a candidatos priorizar nutrición infantil,"La condición en menores de 6 a 35 meses aumentó de 32,9% a 35% en la capital entre 2024 y 2025. La desnutrición crónica también subió durante el mismo periodo.",daniela orellana,2026-09-25 16:38:28,spanish,peru,"health,top",872b5d43896ba7b1f450902cea1b065a,salud,2026-09-27T14:35:59.779969+00:00
run_004_20260927T143557Z,,8eacbd3b2c186018,newsdata_la_republica,la_republica,La República,larepublica.pe,https://larepublica.pe/sociedad/2026/09/25/mujer-embarazada-y-su-bebe-fallecen-tras-ingresar-a-clinica-en-san-borja-esposo-denuncia-presunta-negligencia-de-medicos-y-enfermeras-640050,https://larepublica.pe/sociedad/2026/09/25/mujer-embarazada-y-su-bebe-fallecen-tras-ingresar-a-clinica-en-san-borja-esposo-denuncia-presunta-negligencia-de-medicos-y-enfermeras-640050,Mujer embarazada y su bebé fallecen tras ingresar a clínica en San Borja: esposo denuncia presunta negligencia de médicos y enfermeras,"La gestante ingresó con fiebre alta y malestar grave, pero tras el deterioro de su salud, el traslado a UCI fue demorado. La familia ha presentado acciones legales ante las autoridades correspondientes.",isabel nomberto,2026-09-25 17:35:17,spanish,peru,"health,top",f591977a2436bc9c461a2fbc884e6ada,salud,2026-09-27T14:35:59.779969+00:00
run_004_20260927T143557Z,,2711d67b9ebdbbcc,archive_latina,latina,Latina Noticias,latinanoticias.pe,https://latinanoticias.pe/politica/ministerio-de-salud-fue-declarado-en-reorganizacion-por-un-periodo-de-90-dias-noticia_20260909/,https://latinanoticias.pe/politica/ministerio-de-salud-fue-declarado-en-reorganizacion-por-un-periodo-de-90-dias-noticia_20260909/,Ministerio de Salud fue declarado en reorganización por un periodo de 90 días,,,,es,pe,health_archive,,archive:https://latinanoticias.pe/noticias-sobre/salud/,2026-09-27T14:35:58.691358+00:00
run_004_20260927T143557Z,,52e5f5bd8b2924c9,archive_latina,latina,Latina Noticias,latinanoticias.pe,https://latinanoticias.pe/tendencias/centro-universitario-de-salud-upn-en-puente-piedra-mas-de-82000-atenciones-gratuitas-en-lima-norte_20260825/,https://latinanoticias.pe/tendencias/centro-universitario-de-salud-upn-en-puente-piedra-mas-de-82000-atenciones-gratuitas-en-lima-norte_20260825/,"Centro Universitario de Salud UPN en Puente Piedra: más de 82,000 atenciones gratuitas en Lima Norte",,,,es,pe,health_archive,,archive:https://latinanoticias.pe/noticias-sobre/salud/,2026-09-27T14:35:58.691358+00:00
run_004_20260927T143557Z,,18af662eeefe68b6,archive_peru21,peru21,Perú21,peru21.pe,https://peru21.pe/lima/saludpol-brindo-mas-de-1900-atenciones-la-familia-policial-en-sjl/,https://peru21.pe/lima/saludpol-brindo-mas-de-1900-atenciones-la-familia-policial-en-sjl/,"SaludPol brindó más de 1,900 atenciones a la familia policial en San Juan de Lurigancho",,,,es,pe,health_archive,,archive:https://peru21.pe/noticias/salud/,2026-09-27T14:35:59.388966+00:00
run_004_20260927T143557Z,,beb8aabd6dbd364d,archive_peru21,peru21,Perú21,peru21.pe,https://peru21.pe/peru/linfoma-acceso-tratamientos-limitados-para-pacientes-peruanos/,https://peru21.pe/peru/linfoma-acceso-tratamientos-limitados-para-pacientes-peruanos/,Día Mundial del Linfoma: acceso a tratamientos de alta eficacia sigue siendo limitado para pacientes peruanos,,,,es,pe,health_archive,,archive:https://peru21.pe/noticias/salud/,2026-09-27T14:35:59.388966+00:00
run_004_20260927T143557Z,,ee43dff3736a06a9,newsdata_rpp,rpp,RPP Noticias,rpp.pe,https://rpp.pe/lima/actualidad/hoy-estoy-viendo-un-completo-milagro-dona-su-rinon-para-salvar-la-vida-de-su-esposa-con-dano-renal-irreversible-noticia-1709527,https://rpp.pe/lima/actualidad/hoy-estoy-viendo-un-completo-milagro-dona-su-rinon-para-salvar-la-vida-de-su-esposa-con-dano-renal-irreversible-noticia-1709527,"""Hoy estoy viendo un completo milagro"": dona su riñón para salvar la vida de su esposa con daño renal irreversible","Diego G. decidió donar uno de sus riñones para salvar a su esposa, Alexandra M., quien fue diagnosticada con lupus hace 9 años, lo que ocasionaba que deba ser ingresada constantemente a emergencias. El matrimonio joven se dispone ahora a vivir una nueva etapa en familia",luis rodriguez j.,2026-09-26 20:55:38,spanish,peru,health,907443dcfceb22ba033531b3b0182381,salud,2026-09-27T14:35:58.632341+00:00
run_004_20260927T143557Z,,5f40afc58fb02924,newsdata_rpp,rpp,RPP Noticias,rpp.pe,https://rpp.pe/rotafono/servicios-publicos/lima-adulta-mayor-con-tumor-en-la-columna-cervical-pudo-operarse-en-el-hospital-almenara-noticia-1709557,https://rpp.pe/rotafono/servicios-publicos/lima-adulta-mayor-con-tumor-en-la-columna-cervical-pudo-operarse-en-el-hospital-almenara-noticia-1709557,Lima: adulta mayor con tumor en la columna cervical pudo operarse en el Hospital Almenara,"Rotafono de RPP | Según Lidia Soto, la intervención quirúrgica duró más de seis horas y ahora su madre se encuentra recuperándose lentamente.",,2026-09-27 00:16:13,spanish,peru,health,4a83b434d59903b5062766aab4c6db1e,salud,2026-09-27T14:35:58.632341+00:00
